1,google.com
2,youtube.com
3,facebook.com
4,baidu.com
5,wikipedia.org
6,yahoo.com
7,reddit.com
8,google.co.in
9,qq.com
10,twitter.com
11,taobao.com
12,amazon.com
13,google.co.jp
14,sohu.com
15,live.com
16,tmall.com
17,vk.com
18,instagram.com
19,sina.com.cn
20,360.cn
21,google.de
22,jd.com
23,google.co.uk
24,linkedin.com
25,weibo.com
26,google.fr
27,google.ru
28,yandex.ru
29,google.com.br
30,yahoo.co.jp
31,netflix.com
32,google.com.hk
33,t.co
34,imgur.com
35,hao123.com
36,google.it
37,ebay.com
38,pornhub.com
39,google.es
40,aliexpress.com
41,wordpress.com
42,msn.com
43,bing.com
44,ntd.tv
45,tumblr.com
46,google.ca
47,microsoft.com
48,livejasmin.com
49,stackoverflow.com
50,twitch.tv
51,detail.tmall.com
52,mail.ru
53,onclkds.com
54,ok.ru
55,google.com.mx
56,office.com
57,imdb.com
58,blogspot.com
59,github.com
60,amazon.co.jp
61,pinterest.com
62,xvideos.com
63,apple.com
64,microsoftonline.com
65,diply.com
66,tianya.cn
67,popads.net
68,wikia.com
69,google.com.tr
70,csdn.net
71,whatsapp.com
72,google.com.au
73,alipay.com
74,paypal.com
75,google.com.tw
76,service.tmall.com
77,xhamster.com
78,list.tmall.com
79,adobe.com
80,pixnet.net
81,soso.com
82,youth.cn
83,coccoc.com
84,google.pl
85,dropbox.com
86,txxx.com
87,bongacams.com
88,porn555.com
89,amazon.de
90,googleusercontent.com
91,google.co.th
92,google.com.sa
93,google.com.eg
94,google.com.pk
95,fc2.com
96,bbc.co.uk
97,craigslist.org
98,china.com
99,google.co.id
100,amazon.in
101,login.tmall.com
102,soundcloud.com
103,google.com.ar
104,gmw.cn
105,cnn.com
106,espn.com
107,thepiratebay.org
108,amazon.co.uk
109,bbc.com
110,uptodown.com
111,adf.ly
112,danchoi.xxx
113,google.nl
114,dailymotion.com
115,booking.com
116,clicksgear.com
117,quora.com
118,ettoday.net
119,amazonaws.com
120,rakuten.co.jp
121,blastingnews.com
122,nytimes.com
123,ask.com
124,vimeo.com
125,ebay.de
126,blogger.com
127,bet365.com
128,detik.com
129,naver.com
130,stackexchange.com
131,salesforce.com
132,huaban.com
133,daikynguyenvn.com
134,google.co.ve
135,nicovideo.jp
136,onlinesbi.com
137,google.co.za
138,xnxx.com
139,vice.com
140,so.com
141,ebay.co.uk
142,fbcdn.net
143,tribunnews.com
144,spotify.com
145,theguardian.com
146,google.com.vn
147,adexchangeprediction.com
148,slideshare.net
149,buzzfeed.com
150,chase.com
151,savefrom.net
152,chaturbate.com
153,avito.ru
154,google.gr
155,xinhuanet.com
156,cnet.com
157,wittyfeed.com
158,dailymail.co.uk
159,indeed.com
160,steamcommunity.com
161,google.com.co
162,globo.com
163,mediafire.com
164,softonic.com
165,uol.com.br
166,google.be
167,askcom.me
168,deviantart.com
169,nih.gov
170,google.com.ph
171,flipkart.com
172,google.se
173,google.com.sg
174,9gag.com
175,github.io
176,wikihow.com
177,alibaba.com
178,thewhizmarketing.com
179,w3schools.com
180,cctv.com
181,popcash.net
182,zhihu.com
183,google.ro
184,google.com.ua
185,rambler.ru
186,force.com
187,mozilla.org
188,google.cn
189,godaddy.com
190,openload.co
191,washingtonpost.com
192,google.az
193,pinimg.com
194,sogou.com
195,slack.com
196,google.co.kr
197,chinadaily.com.cn
198,twimg.com
199,etsy.com
200,blogspot.co.id
201,gfycat.com
202,google.at
203,varzesh3.com
204,steampowered.com
205,upornia.com
206,roblox.com
207,google.com.ng
208,huffingtonpost.com
209,iwanttodeliver.com
210,redtube.com
211,prestoris.com
212,google.com.pe
213,china.com.cn
214,yelp.com
215,google.cz
216,livedoor.jp
217,bp.blogspot.com
218,messenger.com
219,cnblogs.com
220,4chan.org
221,bankofamerica.com
222,indiatimes.com
223,youm7.com
224,google.ch
225,reimageplus.com
226,mama.cn
227,walmart.com
228,redd.it
229,iqiyi.com
230,trello.com
231,tokopedia.com
232,google.cl
233,hclips.com
234,dingit.tv
235,kinogo.club
236,myway.com
237,babytree.com
238,mercadolivre.com.br
239,douyu.com
240,cnzz.com
241,battle.net
242,weather.com
243,outbrain.com
244,amazon.fr
245,amazon.it
246,google.no
247,wellsfargo.com
248,rolloid.net
249,tripadvisor.com
250,getmyads.com
251,google.ae
252,abs-cbn.com
253,thesaurus.com
254,1688.com
255,zillow.com
256,ameblo.jp
257,wordreference.com
258,google.dz
259,spankbang.com
260,discordapp.com
261,youporn.com
262,livejournal.com
263,rarbg.to
264,hotstar.com
265,google.pt
266,files.wordpress.com
267,doubleclick.net
268,gamepedia.com
269,archive.org
270,yts.ag
271,sharepoint.com
272,intuit.com
273,weebly.com
274,forbes.com
275,liputan6.com
276,giphy.com
277,mega.nz
278,foxnews.com
279,ltn.com.tw
280,feedly.com
281,google.hu
282,ign.com
283,wikimedia.org
284,ikea.com
285,breitbart.com
286,bilibili.com
287,allegro.pl
288,yesky.com
289,wetransfer.com
290,kakaku.com
291,skype.com
292,extratorrent.cc
293,ebay-kleinanzeigen.de
294,39.net
295,google.ie
296,speedtest.net
297,shutterstock.com
298,eastday.com
299,aol.com
300,kinopoisk.ru
301,youtube-mp3.org
302,rutracker.org
303,sourceforge.net
304,blackboard.com
305,google.co.il
306,google.dk
307,youku.com
308,kissanime.ru
309,freepik.com
310,google.co.ao
311,scribd.com
312,flickr.com
313,leboncoin.fr
314,businessinsider.com
315,trackmedia101.com
316,redirectvoluum.com
317,irctc.co.in
318,rumble.com
319,espncricinfo.com
320,asos.com
321,doublepimp.com
322,163.com
323,genius.com
324,blogspot.in
325,google.fi
326,onclickpredictiv.com
327,ouo.io
328,pages.tmall.com
329,bukalapak.com
330,wordpress.org
331,researchgate.net
332,digikala.com
333,sberbank.ru
334,webtretho.com
335,kompas.com
336,sabah.com.tr
337,utorrent.com
338,gearbest.com
339,web.de
340,bestbuy.com
341,exoclick.com
342,huanqiu.com
343,k618.cn
344,lifebuzz.com
345,gomovies.to
346,oeeee.com
347,gmx.net
348,histock.info
349,oracle.com
350,mailchimp.com
351,samsung.com
352,tfetimes.com
353,zippyshare.com
354,airbnb.com
355,kaskus.co.id
356,rt.com
357,gamefaqs.com
358,2ch.net
359,goodreads.com
360,cricbuzz.com
361,amazon.es
362,spotscenered.info
363,providr.com
364,google.sk
365,pwwysydh.com
366,baike.com
367,leagueoflegends.com
368,taringa.net
369,daum.net
370,caijing.com.cn
371,nownews.com
372,xfinity.com
373,thewhizproducts.com
374,goo.ne.jp
375,hp.com
376,medium.com
377,hatenablog.com
378,instructure.com
379,hatena.ne.jp
380,media.tumblr.com
381,orange.fr
382,naver.jp
383,onedio.com
384,dictionary.com
385,hola.com
386,aliyun.com
387,pandora.com
388,behance.net
389,independent.co.uk
390,hotmovs.com
391,amazon.cn
392,onlinevideoconverter.com
393,subscene.com
394,evernote.com
395,icloud.com
396,telegraph.co.uk
397,telegram.org
398,codeonclick.com
399,gyazo.com
400,accuweather.com
401,hilltopads.net
402,ibm.com
403,zendesk.com
404,sciencedirect.com
405,mediawhirl.net
406,ndtv.com
407,aparat.com
408,usps.com
409,amazon.ca
410,atlassian.net
411,themeforest.net
412,onet.pl
413,youdao.com
414,taleo.net
415,shopify.com
416,homedepot.com
417,ensonhaber.com
418,hdfcbank.com
419,beeg.com
420,wix.com
421,taboola.com
422,bloomberg.com
423,google.kz
424,spiegel.de
425,repubblica.it
426,ci123.com
427,gizmodo.com
428,target.com
429,livedoor.com
430,box.com
431,seasonvar.ru
432,hulu.com
433,go.com
434,free.fr
435,naij.com
436,mit.edu
437,paytm.com
438,reverso.net
439,americanexpress.com
440,ups.com
441,capitalone.com
442,ebay.it
443,setn.com
444,gismeteo.ru
445,elpais.com
446,tutorialspoint.com
447,haber7.com
448,conservativetribune.com
449,canva.com
450,hespress.com
451,nametests.com
452,kapanlagi.com
453,userapi.com
454,fiverr.com
455,mercadolibre.com.ar
456,rottentomatoes.com
457,urbandictionary.com
458,google.com.kw
459,wp.pl
460,prezi.com
461,dell.com
462,chaoshi.tmall.com
463,theverge.com
464,perfecttoolmedia.com
465,kickstarter.com
466,pulseonclick.com
467,myanimelist.net
468,streamable.com
469,seznam.cz
470,videodownloadconverter.com
471,line.me
472,4dsply.com
473,ultimate-guitar.com
474,upwork.com
475,patch.com
476,azlyrics.com
477,shink.in
478,udemy.com
479,icicibank.com
480,biobiochile.cl
481,cbssports.com
482,webmd.com
483,wiley.com
484,albawabhnews.com
485,duckduckgo.com
486,billdesk.com
487,thevideo.me
488,momoshop.com.tw
489,ytimg.com
490,nur.kz
491,nike.com
492,ablogica.com
493,google.bg
494,gsmarena.com
495,kooora.com
496,rediff.com
497,chatwork.com
498,ck101.com
499,t-online.de
500,adnetworkperformance.com
501,mi.com
502,vporn.com
503,weblio.jp
504,rednet.cn
505,playstation.com
506,boredpanda.com
507,marca.com
508,fedex.com
509,google.co.nz
510,tube8.com
511,enet.com.cn
512,glassdoor.com
513,sahibinden.com
514,reuters.com
515,ptt.cc
516,pantip.com
517,filehippo.com
518,pixabay.com
519,flirt4free.com
520,familydoctor.com.cn
521,mlb.com
522,thefreedictionary.com
523,4shared.com
524,teepr.com
525,qiita.com
526,usatoday.com
527,slickdeals.net
528,xda-developers.com
529,weevah2.top
530,libero.it
531,siteadvisor.com
532,poptm.com
533,camdolls.com
534,wiktionary.org
535,wsj.com
536,ebay.com.au
537,zoho.com
538,pikabu.ru
539,ampxchange.com
540,bitmedianetwork.com
541,1337x.to
542,my-hit.org
543,torrentz2.eu
544,cloudfront.net
545,manoramaonline.com
546,khanacademy.org
547,avg.com
548,lemonde.fr
549,hurriyet.com.tr
550,umblr.com
551,tvbs.com.tw
552,cambridge.org
553,nba.com
554,douban.com
555,yandex.ua
556,groupon.com
557,springer.com
558,google.lk
559,speedknow.co
560,aastocks.com
561,wixsite.com
562,google.rs
563,pairade.com
564,gamer.com.tw
565,naukri.com
566,tabelog.com
567,chip.de
568,porn.com
569,citi.com
570,hubspot.com
571,drom.ru
572,goal.com
573,bild.de
574,asana.com
575,emol.com
576,comicbook.com
577,admarketplace.net
578,uidai.gov.in
579,surveymonkey.com
580,mercadolibre.com.mx
581,livescore.com
582,prothom-alo.com
583,fmovies.se
584,olx.pl
585,patreon.com
586,ouedkniss.com
587,list-manage.com
588,lifehacker.com
589,ria.ru
590,academia.edu
591,blogfa.com
592,wowhead.com
593,lapatilla.com
594,adplxmd.com
595,clotraiam.website
596,hm.com
597,youjizz.com
598,engadget.com
599,givemesport.com
600,irs.gov
601,shaparak.ir
602,google.com.do
603,neobux.com
604,office365.com
605,directrev.com
606,getpocket.com
607,souq.com
608,npr.org
609,fbsbx.com
610,newtabtv.com
611,milliyet.com.tr
612,lazada.co.id
613,google.by
614,elbalad.news
615,friv.com
616,uploaded.net
617,humblebundle.com
618,myfreecams.com
619,ask.fm
620,eksisozluk.com
621,yenisafak.com
622,discogs.com
623,snapdeal.com
624,104.com.tw
625,bandcamp.com
626,bleacherreport.com
627,asus.com
628,investopedia.com
629,att.com
630,expedia.com
631,videoyoum7.com
632,ebay.in
633,witchcraftcash.com
634,kijiji.ca
635,theladbible.com
636,inquirer.net
637,olx.com.br
638,mobile.de
639,newegg.com
640,nanoadexchange.com
641,tistory.com
642,drive2.ru
643,buyma.com
644,elmundo.es
645,brightside.me
646,thekitchn.com
647,okta.com
648,quizlet.com
649,blog.jp
650,linkshrink.net
651,wattpad.com
652,jrj.com.cn
653,ccm.net
654,apple-kungfu.com
655,lefigaro.fr
656,corriere.it
657,beytoote.com
658,google.com.ly
659,terraclicks.com
660,japanpost.jp
661,mmofreegames.online
662,convert2mp3.net
663,chinaz.com
664,comcast.net
665,kotaku.com
666,bitbucket.org
667,go2cloud.org
668,epochtimes.com
669,searchprivate.org
670,google.hr
671,streamcloud.eu
672,nikkei.com
673,lenta.ru
674,webex.com
675,intoday.in
676,dmm.co.jp
677,squarespace.com
678,oschina.net
679,xe.com
680,adp.com
681,myanmarload.com
682,sh.st
683,ncaa.com
684,goo.gl
685,instructables.com
686,addthis.com
687,sex.com
688,sabq.org
689,meetup.com
690,mashable.com
691,xxlargepop.com
692,tradeadexchange.com
693,watsons.tmall.com
694,olx.ua
695,adidas.tmall.com
696,okezone.com
697,likemag.com
698,okcupid.com
699,disqus.com
700,cnbc.com
701,bhaskar.com
702,appledaily.com.tw
703,discuss.com.hk
704,techcrunch.com
705,merdeka.com
706,subito.it
707,dafont.com
708,badoo.com
709,chouftv.ma
710,solarmoviez.to
711,wunderground.com
712,as.com
713,ecosia.org
714,commentcamarche.net
715,www.gov.uk
716,google.tn
717,elevenia.co.id
718,rbc.ru
719,infusionsoft.com
720,sakura.ne.jp
721,banggood.com
722,stanford.edu
723,googlevideo.com
724,lk21.org
725,lenovo.com
726,eskimi.com
727,android.com
728,animeflv.net
729,mercadolibre.com.ve
730,europa.eu
731,verizonwireless.com
732,eventbrite.com
733,autodesk.com
734,liftable.com
735,life.tw
736,secureserver.net
737,queryrouter.com
738,howtogeek.com
739,17ok.com
740,elfagr.org
741,urdupoint.com
742,bitly.com
743,namnak.com
744,hotels.com
745,coursera.org
746,chron.com
747,nhl.com
748,gazetaexpress.com
749,php.net
750,uzone.id
751,gamespot.com
752,timeanddate.com
753,cisco.com
754,bodybuilding.com
755,ca.gov
756,reference.com
757,ebay.fr
758,viid.me
759,watchseries.cr
760,torrent9.biz
761,unity3d.com
762,realtor.com
763,thegameraccess.com
764,drtuber.com
765,liveadexchanger.com
766,westernjournalism.com
767,disq.us
768,drudgereport.com
769,zing.vn
770,g2a.com
771,nordstrom.com
772,vonvon.me
773,vnexpress.net
774,rapidgator.net
775,putlockertv.is
776,jimdo.com
777,ieee.org
778,liveleak.com
779,merriam-webster.com
780,motherless.com
781,blogspot.jp
782,jeuxvideo.com
783,macys.com
784,fanfiction.net
785,ienjoyapps.com
786,gogoanime.io
787,hootsuite.com
788,nbcnews.com
789,tomshardware.com
790,superuser.com
791,jw.org
792,bintang.com
793,primewire.ag
794,vjav.com
795,ctitv.com.tw
796,moneycontrol.com
797,rackcdn.com
798,duolingo.com
799,gotporn.com
800,popmyads.com
801,4pda.ru
802,intel.com
803,zone-telechargement.ws
804,thesun.co.uk
805,crunchyroll.com
806,prpops.com
807,mirror.co.uk
808,mangafox.me
809,extra.to
810,watchfree.to
811,sosodesktop.com
812,prnt.sc
813,investing.com
814,andhrajyothy.com
815,jabong.com
816,curapelanatureza.com.br
817,pchome.com.tw
818,hdrezka.me
819,gmarket.co.kr
820,123moviesfree.com
821,51sole.com
822,harvard.edu
823,cdiscount.com
824,fidelity.com
825,shopclues.com
826,jianshu.com
827,time.com
828,kayak.com
829,southwest.com
830,dict.cc
831,telewebion.com
832,discover.com
833,grammarly.com
834,zhanqi.tv
835,deviantart.net
836,ruten.com.tw
837,nature.com
838,udn.com
839,wish.com
840,trulia.com
841,latimes.com
842,wonderlandads.com
843,allrecipes.com
844,gmanetwork.com
845,issuu.com
846,gutefrage.net
847,google.com.ec
848,python.org
849,google.lt
850,codepen.io
851,norton.com
852,y8.com
853,hdzog.com
854,brilio.net
855,politico.com
856,olx.in
857,toutiao.com
858,doublepimpssl.com
859,52pk.com
860,google.iq
861,kissasian.com
862,allocine.fr
863,ero-advertising.com
864,wp.com
865,brazzers.com
866,58.com
867,vetogate.com
868,mobile01.com
869,caixa.gov.br
870,junbi-tracker.com
871,caliente.mx
872,airtel.in
873,lazada.com.ph
874,express.co.uk
875,psu.edu
876,dumedia.ru
877,bhphotovideo.com
878,yaplakal.com
879,ted.com
880,fanpage.gr
881,askubuntu.com
882,123movies.is
883,bookmyshow.com
884,bomb01.com
885,clipconverter.cc
886,lowes.com
887,avast.com
888,techradar.com
889,mysagagame.com
890,cbc.ca
891,mathworks.com
892,suning.com
893,cam4.com
894,nikkeibp.co.jp
895,thebalance.com
896,almasryalyoum.com
897,divar.ir
898,alicdn.com
899,yandex.com.tr
900,interia.pl
901,mynavi.jp
902,xl415.com
903,usnews.com
904,myfitnesspal.com
905,lun.com
906,nocookie.net
907,nasa.gov
908,youboy.com
909,ticketmaster.com
910,java.com
911,adme.ru
912,ifeng.com
913,torrentproject.se
914,innfrad.com
915,windows.com
916,agoda.com
917,thehill.com
918,uber.com
919,sputniknews.com
920,zhaopin.com
921,searchalgo.com
922,hearthpwn.com
923,hepsiburada.com
924,google.com.mm
925,smartadtags.com
926,bola.net
927,zomato.com
928,chinaso.com
929,href.li
930,coursehero.com
931,eyny.com
932,qualtrics.com
933,idnes.cz
934,internetdownloadmanager.com
935,stockstar.com
936,google.com.my
937,tnaflix.com
938,kizlarsoruyor.com
939,xtube.com
940,itmedia.co.jp
941,ecollege.com
942,dmv.org
943,asahi.com
944,visualstudio.com
945,bankmellat.ir
946,nhk.or.jp
947,kinoprofi.org
948,yalla-shoot.com
949,sapo.pt
950,theatlantic.com
951,google.si
952,turbobit.net
953,apache.org
954,polygon.com
955,nypost.com
956,banvenez.com
957,ancestry.com
958,lazada.com.my
959,berkeley.edu
960,makemytrip.com
961,voc.com.cn
962,mangastream.com
963,google.com.gt
964,indianexpress.com
965,kinokrad.co
966,jb51.net
967,seesaa.net
968,fmovies.to
969,faithtap.com
970,livestrong.com
971,biblegateway.com
972,donga.com
973,adscpm.net
974,justdial.com
975,onclickads.net
976,absoluteclickscom.com
977,twoo.com
978,fatosdesconhecidos.com.br
979,wuxiaworld.com
980,vesti.ru
981,narod.ru
982,worldstarhiphop.com
983,sugklonistiko.gr
984,jio.com
985,photobucket.com
986,delta.com
987,informer.com
988,trandaiquang.org
989,cookpad.com
990,bs.to
991,india.com
992,nonton.movie
993,s34me.com
994,chegg.com
995,lazada.co.th
996,focus.de
997,creditkarma.com
998,plarium.com
999,labanquepostale.fr
1000,pastebin.com
